internship_title,company_name,location,start_date,duration,stipend
PM Internship - Software Developer,Tata Consultancy Services,Mumbai,01-Dec-2024,12 Months,"₹ 25,000 /month"
PM Internship - Full Stack Developer,Infosys Limited,Bangalore,15-Nov-2024,12 Months,"₹ 25,000 /month"
PM Internship - Backend Developer,HCL Technologies,Chennai,01-Dec-2024,12 Months,"₹ 25,000 /month"
PM Internship - Frontend Developer,Wipro Limited,Pune,15-Nov-2024,12 Months,"₹ 25,000 /month"
PM Internship - Mobile App Developer,Tech Mahindra,Hyderabad,01-Dec-2024,12 Months,"₹ 25,000 /month"
PM Internship - DevOps Engineer,Cognizant,Delhi,15-Nov-2024,12 Months,"₹ 25,000 /month"
PM Internship - Database Administrator,Accenture,Bangalore,01-Dec-2024,12 Months,"₹ 25,000 /month"
PM Internship - Cybersecurity Analyst,IBM India,Mumbai,15-Nov-2024,12 Months,"₹ 25,000 /month"
PM Internship - AI/ML Engineer,Microsoft India,Hyderabad,01-Dec-2024,12 Months,"₹ 25,000 /month"
PM Internship - Data Scientist,Google India,Bangalore,15-Nov-2024,12 Months,"₹ 25,000 /month"
PM Internship - Cloud Engineer,Amazon India,Mumbai,01-Dec-2024,12 Months,"₹ 25,000 /month"
PM Internship - Blockchain Developer,Oracle India,Bangalore,15-Nov-2024,12 Months,"₹ 25,000 /month"
PM Internship - Game Developer,Unity Technologies,Pune,01-Dec-2024,12 Months,"₹ 25,000 /month"
PM Internship - QA Engineer,Salesforce India,Hyderabad,15-Nov-2024,12 Months,"₹ 25,000 /month"
PM Internship - System Analyst,Dell Technologies,Chennai,01-Dec-2024,12 Months,"₹ 25,000 /month"
PM Internship - Network Engineer,Cisco India,Mumbai,15-Nov-2024,12 Months,"₹ 25,000 /month"
PM Internship - Python Developer,PayPal India,Bangalore,01-Dec-2024,12 Months,"₹ 25,000 /month"
PM Internship - Java Developer,VMware India,Pune,15-Nov-2024,12 Months,"₹ 25,000 /month"
PM Internship - React Developer,Facebook India,Mumbai,01-Dec-2024,12 Months,"₹ 25,000 /month"
PM Internship - Angular Developer,Adobe India,Bangalore,15-Nov-2024,12 Months,"₹ 25,000 /month"
PM Internship - Mechanical Design Engineer,Tata Motors,Pune,01-Dec-2024,12 Months,"₹ 25,000 /month"
PM Internship - Production Engineer,Mahindra & Mahindra,Mumbai,15-Nov-2024,12 Months,"₹ 25,000 /month"
PM Internship - Quality Control Engineer,Bajaj Auto,Pune,01-Dec-2024,12 Months,"₹ 25,000 /month"
PM Internship - Manufacturing Engineer,Maruti Suzuki,Gurgaon,15-Nov-2024,12 Months,"₹ 25,000 /month"
PM Internship - Maintenance Engineer,Larsen & Toubro,Chennai,01-Dec-2024,12 Months,"₹ 25,000 /month"
PM Internship - CAD Designer,Siemens India,Bangalore,15-Nov-2024,12 Months,"₹ 25,000 /month"
PM Internship - Process Engineer,Reliance Industries,Mumbai,01-Dec-2024,12 Months,"₹ 25,000 /month"
PM Internship - Plant Operations,BHEL,Bhopal,15-Nov-2024,12 Months,"₹ 25,000 /month"
PM Internship - Tool Design Engineer,TVS Motors,Chennai,01-Dec-2024,12 Months,"₹ 25,000 /month"
PM Internship - Automobile Engineer,Hero MotoCorp,Gurgaon,15-Nov-2024,12 Months,"₹ 25,000 /month"
PM Internship - Thermal Engineer,Godrej & Boyce,Mumbai,01-Dec-2024,12 Months,"₹ 25,000 /month"
PM Internship - Robotics Engineer,ABB India,Bangalore,15-Nov-2024,12 Months,"₹ 25,000 /month"
PM Internship - HVAC Engineer,Voltas Limited,Mumbai,01-Dec-2024,12 Months,"₹ 25,000 /month"
PM Internship - CNC Programmer,Bharat Forge,Pune,15-Nov-2024,12 Months,"₹ 25,000 /month"
PM Internship - Welding Engineer,SAIL Steel,Rourkela,01-Dec-2024,12 Months,"₹ 25,000 /month"
PM Internship - Machine Operator,Bosch India,Bangalore,15-Nov-2024,12 Months,"₹ 25,000 /month"
PM Internship - Industrial Engineer,Cummins India,Pune,01-Dec-2024,12 Months,"₹ 25,000 /month"
PM Internship - Maintenance Technician,Jindal Steel,Delhi,15-Nov-2024,12 Months,"₹ 25,000 /month"
PM Internship - Assembly Line Engineer,Ford India,Chennai,01-Dec-2024,12 Months,"₹ 25,000 /month"
PM Internship - Research & Development,IIT Bombay,Mumbai,15-Nov-2024,12 Months,"₹ 25,000 /month"
PM Internship - Electrical Design Engineer,Schneider Electric,Bangalore,01-Dec-2024,12 Months,"₹ 25,000 /month"
PM Internship - Power Systems Engineer,NTPC Limited,Delhi,15-Nov-2024,12 Months,"₹ 25,000 /month"
PM Internship - Control Systems Engineer,ABB India,Chennai,01-Dec-2024,12 Months,"₹ 25,000 /month"
PM Internship - Electronics Engineer,Samsung India,Noida,15-Nov-2024,12 Months,"₹ 25,000 /month"
PM Internship - Circuit Design Engineer,Intel India,Bangalore,01-Dec-2024,12 Months,"₹ 25,000 /month"
PM Internship - Embedded Systems Engineer,Texas Instruments,Bangalore,15-Nov-2024,12 Months,"₹ 25,000 /month"
PM Internship - Signal Processing Engineer,Qualcomm India,Hyderabad,01-Dec-2024,12 Months,"₹ 25,000 /month"
PM Internship - VLSI Design Engineer,MediaTek India,Bangalore,15-Nov-2024,12 Months,"₹ 25,000 /month"
PM Internship - RF Engineer,Ericsson India,Gurgaon,01-Dec-2024,12 Months,"₹ 25,000 /month"
PM Internship - Instrumentation Engineer,Honeywell India,Pune,15-Nov-2024,12 Months,"₹ 25,000 /month"
PM Internship - Automation Engineer,Siemens India,Chennai,01-Dec-2024,12 Months,"₹ 25,000 /month"
PM Internship - Telecommunications Engineer,Bharti Airtel,Delhi,15-Nov-2024,12 Months,"₹ 25,000 /month"
PM Internship - Hardware Engineer,Dell Technologies,Bangalore,01-Dec-2024,12 Months,"₹ 25,000 /month"
PM Internship - PCB Design Engineer,Foxconn India,Chennai,15-Nov-2024,12 Months,"₹ 25,000 /month"
PM Internship - Test Engineer,Tektronix India,Bangalore,01-Dec-2024,12 Months,"₹ 25,000 /month"
PM Internship - Microprocessor Engineer,ARM India,Bangalore,15-Nov-2024,12 Months,"₹ 25,000 /month"
PM Internship - Power Electronics Engineer,Tesla India,Mumbai,01-Dec-2024,12 Months,"₹ 25,000 /month"
PM Internship - Digital Design Engineer,Nvidia India,Pune,15-Nov-2024,12 Months,"₹ 25,000 /month"
PM Internship - IoT Developer,Cisco India,Bangalore,01-Dec-2024,12 Months,"₹ 25,000 /month"
PM Internship - Firmware Engineer,Broadcom India,Hyderabad,15-Nov-2024,12 Months,"₹ 25,000 /month"
PM Internship - Network Security Engineer,Fortinet India,Mumbai,01-Dec-2024,12 Months,"₹ 25,000 /month"
PM Internship - Civil Site Engineer,Larsen & Toubro,Mumbai,15-Nov-2024,12 Months,"₹ 25,000 /month"
PM Internship - Structural Engineer,Tata Projects,Hyderabad,01-Dec-2024,12 Months,"₹ 25,000 /month"
PM Internship - Construction Engineer,Shapoorji Pallonji,Mumbai,15-Nov-2024,12 Months,"₹ 25,000 /month"
PM Internship - Highway Engineer,National Highways Authority,Delhi,01-Dec-2024,12 Months,"₹ 25,000 /month"
PM Internship - Water Resources Engineer,Irrigation Department,Pune,15-Nov-2024,12 Months,"₹ 25,000 /month"
PM Internship - Environmental Engineer,CPCB,Delhi,01-Dec-2024,12 Months,"₹ 25,000 /month"
PM Internship - Urban Planning,Delhi Development Authority,Delhi,15-Nov-2024,12 Months,"₹ 25,000 /month"
PM Internship - Transportation Engineer,Delhi Metro Rail Corporation,Delhi,01-Dec-2024,12 Months,"₹ 25,000 /month"
PM Internship - Geotechnical Engineer,RITES Limited,Gurgaon,15-Nov-2024,12 Months,"₹ 25,000 /month"
PM Internship - Surveyor,Survey of India,Dehradun,01-Dec-2024,12 Months,"₹ 25,000 /month"
PM Internship - Project Manager,PMC India,Mumbai,15-Nov-2024,12 Months,"₹ 25,000 /month"
PM Internship - Building Information Modeling,Autodesk India,Bangalore,01-Dec-2024,12 Months,"₹ 25,000 /month"
PM Internship - Concrete Technology,UltraTech Cement,Mumbai,15-Nov-2024,12 Months,"₹ 25,000 /month"
PM Internship - Bridge Engineer,Indian Railways,Delhi,01-Dec-2024,12 Months,"₹ 25,000 /month"
PM Internship - Tunnel Engineer,NHAI,Bangalore,15-Nov-2024,12 Months,"₹ 25,000 /month"
PM Internship - Dam Engineer,Central Water Commission,Delhi,01-Dec-2024,12 Months,"₹ 25,000 /month"
PM Internship - Earthquake Engineer,IIT Delhi,Delhi,15-Nov-2024,12 Months,"₹ 25,000 /month"
PM Internship - Coastal Engineer,NIO,Goa,01-Dec-2024,12 Months,"₹ 25,000 /month"
PM Internship - Mining Engineer,Coal India Limited,Kolkata,15-Nov-2024,12 Months,"₹ 25,000 /month"
PM Internship - Financial Analyst,HDFC Bank,Mumbai,01-Dec-2024,12 Months,"₹ 25,000 /month"
PM Internship - Investment Banking,ICICI Bank,Mumbai,15-Nov-2024,12 Months,"₹ 25,000 /month"
PM Internship - Risk Management,State Bank of India,Delhi,01-Dec-2024,12 Months,"₹ 25,000 /month"
PM Internship - Credit Analyst,Axis Bank,Bangalore,15-Nov-2024,12 Months,"₹ 25,000 /month"
PM Internship - Insurance Analyst,LIC of India,Mumbai,01-Dec-2024,12 Months,"₹ 25,000 /month"
PM Internship - Tax Consultant,Ernst & Young,Bangalore,15-Nov-2024,12 Months,"₹ 25,000 /month"
PM Internship - Audit Associate,Deloitte India,Mumbai,01-Dec-2024,12 Months,"₹ 25,000 /month"
PM Internship - Corporate Finance,JPMorgan Chase,Mumbai,15-Nov-2024,12 Months,"₹ 25,000 /month"
PM Internship - Portfolio Management,Mutual Fund India,Delhi,01-Dec-2024,12 Months,"₹ 25,000 /month"
PM Internship - Treasury Operations,Reserve Bank of India,Mumbai,15-Nov-2024,12 Months,"₹ 25,000 /month"
PM Internship - Compliance Officer,SEBI,Mumbai,01-Dec-2024,12 Months,"₹ 25,000 /month"
PM Internship - Financial Planning,HDFC Life,Pune,15-Nov-2024,12 Months,"₹ 25,000 /month"
PM Internship - Banking Operations,Punjab National Bank,Delhi,01-Dec-2024,12 Months,"₹ 25,000 /month"
PM Internship - Wealth Management,Kotak Mahindra Bank,Mumbai,15-Nov-2024,12 Months,"₹ 25,000 /month"
PM Internship - Equity Research,Motilal Oswal,Mumbai,01-Dec-2024,12 Months,"₹ 25,000 /month"
PM Internship - Forex Trading,ICICI Securities,Mumbai,15-Nov-2024,12 Months,"₹ 25,000 /month"
PM Internship - Chartered Accountant,Price Waterhouse Coopers,Bangalore,01-Dec-2024,12 Months,"₹ 25,000 /month"
PM Internship - Cost Accountant,KPMG India,Delhi,15-Nov-2024,12 Months,"₹ 25,000 /month"
PM Internship - Financial Controller,Tata Group,Mumbai,01-Dec-2024,12 Months,"₹ 25,000 /month"
PM Internship - Budget Analyst,Government of India,Delhi,15-Nov-2024,12 Months,"₹ 25,000 /month"
PM Internship - Digital Marketing,HUL,Mumbai,01-Dec-2024,12 Months,"₹ 25,000 /month"
PM Internship - Brand Management,ITC Limited,Kolkata,15-Nov-2024,12 Months,"₹ 25,000 /month"
PM Internship - Sales Executive,Asian Paints,Mumbai,01-Dec-2024,12 Months,"₹ 25,000 /month"
PM Internship - Market Research,Nielsen India,Mumbai,15-Nov-2024,12 Months,"₹ 25,000 /month"
PM Internship - Social Media Marketing,Zomato,Gurgaon,01-Dec-2024,12 Months,"₹ 25,000 /month"
PM Internship - Content Marketing,Byjus,Bangalore,15-Nov-2024,12 Months,"₹ 25,000 /month"
PM Internship - Customer Relationship Management,Amazon India,Bangalore,01-Dec-2024,12 Months,"₹ 25,000 /month"
PM Internship - Public Relations,Ogilvy India,Mumbai,15-Nov-2024,12 Months,"₹ 25,000 /month"
PM Internship - Event Management,Wizcraft International,Mumbai,01-Dec-2024,12 Months,"₹ 25,000 /month"
PM Internship - Advertising Executive,McCann Worldgroup,Delhi,15-Nov-2024,12 Months,"₹ 25,000 /month"
PM Internship - E-commerce Marketing,Flipkart,Bangalore,01-Dec-2024,12 Months,"₹ 25,000 /month"
PM Internship - Business Development,Paytm,Noida,15-Nov-2024,12 Months,"₹ 25,000 /month"
PM Internship - Product Marketing,Ola Cabs,Bangalore,01-Dec-2024,12 Months,"₹ 25,000 /month"
PM Internship - Growth Marketing,Swiggy,Bangalore,15-Nov-2024,12 Months,"₹ 25,000 /month"
PM Internship - Performance Marketing,Facebook India,Mumbai,01-Dec-2024,12 Months,"₹ 25,000 /month"
PM Internship - Email Marketing,Mailchimp India,Bangalore,15-Nov-2024,12 Months,"₹ 25,000 /month"
PM Internship - SEO Specialist,Google India,Mumbai,01-Dec-2024,12 Months,"₹ 25,000 /month"
PM Internship - Sales Manager,Reliance Retail,Mumbai,15-Nov-2024,12 Months,"₹ 25,000 /month"
PM Internship - Channel Partner,Microsoft India,Hyderabad,01-Dec-2024,12 Months,"₹ 25,000 /month"
PM Internship - Lead Generation,Salesforce India,Bangalore,15-Nov-2024,12 Months,"₹ 25,000 /month"
PM Internship - Graphic Designer,DDB Mudra,Mumbai,01-Dec-2024,12 Months,"₹ 25,000 /month"
PM Internship - Web Designer,Tata Interactive Systems,Mumbai,15-Nov-2024,12 Months,"₹ 25,000 /month"
PM Internship - Interior Designer,Godrej Interio,Mumbai,01-Dec-2024,12 Months,"₹ 25,000 /month"
PM Internship - Fashion Designer,Raymond Limited,Mumbai,15-Nov-2024,12 Months,"₹ 25,000 /month"
PM Internship - Product Designer,Design Temple,Bangalore,01-Dec-2024,12 Months,"₹ 25,000 /month"
PM Internship - Animation Artist,Toonz Media Group,Trivandrum,15-Nov-2024,12 Months,"₹ 25,000 /month"
PM Internship - VFX Artist,Prime Focus,Mumbai,01-Dec-2024,12 Months,"₹ 25,000 /month"
PM Internship - Illustrator,Chitra Santhe,Bangalore,15-Nov-2024,12 Months,"₹ 25,000 /month"
PM Internship - Photography,Shutterstock India,Mumbai,01-Dec-2024,12 Months,"₹ 25,000 /month"
PM Internship - Video Editor,Pocket Aces,Mumbai,15-Nov-2024,12 Months,"₹ 25,000 /month"
PM Internship - Packaging Designer,ITC Limited,Kolkata,01-Dec-2024,12 Months,"₹ 25,000 /month"
PM Internship - Brand Identity Designer,Landor & Fitch,Mumbai,15-Nov-2024,12 Months,"₹ 25,000 /month"
PM Internship - UI/UX Designer,Adobe India,Bangalore,01-Dec-2024,12 Months,"₹ 25,000 /month"
PM Internship - Motion Graphics Designer,Red Chillies VFX,Mumbai,15-Nov-2024,12 Months,"₹ 25,000 /month"
PM Internship - Game Designer,Ubisoft India,Pune,01-Dec-2024,12 Months,"₹ 25,000 /month"
PM Internship - 3D Artist,Technicolor India,Bangalore,15-Nov-2024,12 Months,"₹ 25,000 /month"
PM Internship - Concept Artist,DreamWorks India,Mumbai,01-Dec-2024,12 Months,"₹ 25,000 /month"
PM Internship - Industrial Designer,Titan Company,Bangalore,15-Nov-2024,12 Months,"₹ 25,000 /month"
PM Internship - Textile Designer,Arvind Mills,Ahmedabad,01-Dec-2024,12 Months,"₹ 25,000 /month"
PM Internship - Jewelry Designer,Tanishq,Bangalore,15-Nov-2024,12 Months,"₹ 25,000 /month"
PM Internship - Content Writer,Times of India,Mumbai,01-Dec-2024,12 Months,"₹ 25,000 /month"
PM Internship - Copy Writer,Leo Burnett,Mumbai,15-Nov-2024,12 Months,"₹ 25,000 /month"
PM Internship - Technical Writer,Microsoft India,Hyderabad,01-Dec-2024,12 Months,"₹ 25,000 /month"
PM Internship - Journalist,Hindustan Times,Delhi,15-Nov-2024,12 Months,"₹ 25,000 /month"
PM Internship - Social Media Writer,Buzzfeed India,Mumbai,01-Dec-2024,12 Months,"₹ 25,000 /month"
PM Internship - Script Writer,Balaji Telefilms,Mumbai,15-Nov-2024,12 Months,"₹ 25,000 /month"
PM Internship - Blog Writer,BlogAdda,Gurgaon,01-Dec-2024,12 Months,"₹ 25,000 /month"
PM Internship - Editor,Penguin Random House,Delhi,15-Nov-2024,12 Months,"₹ 25,000 /month"
PM Internship - Translator,Language Services Bureau,Delhi,01-Dec-2024,12 Months,"₹ 25,000 /month"
PM Internship - Research Writer,Observer Research Foundation,Delhi,15-Nov-2024,12 Months,"₹ 25,000 /month"
PM Internship - Creative Writer,Zee Entertainment,Mumbai,01-Dec-2024,12 Months,"₹ 25,000 /month"
PM Internship - SEO Content Writer,Digital Vidya,Gurgaon,15-Nov-2024,12 Months,"₹ 25,000 /month"
PM Internship - News Reporter,NDTV,Delhi,01-Dec-2024,12 Months,"₹ 25,000 /month"
PM Internship - Radio Jockey,All India Radio,Mumbai,15-Nov-2024,12 Months,"₹ 25,000 /month"
PM Internship - Documentary Maker,National Geographic India,Mumbai,01-Dec-2024,12 Months,"₹ 25,000 /month"
PM Internship - Film Editor,Yash Raj Films,Mumbai,15-Nov-2024,12 Months,"₹ 25,000 /month"
PM Internship - News Anchor,Times Now,Mumbai,01-Dec-2024,12 Months,"₹ 25,000 /month"
PM Internship - Communication Specialist,Public Relations Society,Delhi,15-Nov-2024,12 Months,"₹ 25,000 /month"
PM Internship - Media Planner,GroupM India,Mumbai,01-Dec-2024,12 Months,"₹ 25,000 /month"
PM Internship - Podcast Producer,Spotify India,Mumbai,15-Nov-2024,12 Months,"₹ 25,000 /month"
PM Internship - HR Generalist,Wipro Limited,Bangalore,01-Dec-2024,12 Months,"₹ 25,000 /month"
PM Internship - Talent Acquisition,TCS,Mumbai,15-Nov-2024,12 Months,"₹ 25,000 /month"
PM Internship - Training & Development,Infosys Limited,Bangalore,01-Dec-2024,12 Months,"₹ 25,000 /month"
PM Internship - Compensation & Benefits,HCL Technologies,Noida,15-Nov-2024,12 Months,"₹ 25,000 /month"
PM Internship - Employee Relations,Tech Mahindra,Pune,01-Dec-2024,12 Months,"₹ 25,000 /month"
PM Internship - Organizational Development,Cognizant,Chennai,15-Nov-2024,12 Months,"₹ 25,000 /month"
PM Internship - Performance Management,Accenture,Bangalore,01-Dec-2024,12 Months,"₹ 25,000 /month"
PM Internship - HRIS Analyst,IBM India,Delhi,15-Nov-2024,12 Months,"₹ 25,000 /month"
PM Internship - Recruitment Consultant,Naukri.com,Noida,01-Dec-2024,12 Months,"₹ 25,000 /month"
PM Internship - Diversity & Inclusion,Microsoft India,Hyderabad,15-Nov-2024,12 Months,"₹ 25,000 /month"
PM Internship - Payroll Specialist,ADP India,Mumbai,01-Dec-2024,12 Months,"₹ 25,000 /month"
PM Internship - Employee Engagement,Google India,Bangalore,15-Nov-2024,12 Months,"₹ 25,000 /month"
PM Internship - Learning & Development,Amazon India,Hyderabad,01-Dec-2024,12 Months,"₹ 25,000 /month"
PM Internship - HR Business Partner,Flipkart,Bangalore,15-Nov-2024,12 Months,"₹ 25,000 /month"
PM Internship - Industrial Relations,Reliance Industries,Mumbai,01-Dec-2024,12 Months,"₹ 25,000 /month"
PM Internship - HR Analytics,Deloitte India,Bangalore,15-Nov-2024,12 Months,"₹ 25,000 /month"
PM Internship - Campus Recruitment,ITC Limited,Kolkata,01-Dec-2024,12 Months,"₹ 25,000 /month"
PM Internship - Executive Search,Michael Page India,Mumbai,15-Nov-2024,12 Months,"₹ 25,000 /month"
PM Internship - Counseling Psychologist,Apollo Hospitals,Chennai,01-Dec-2024,12 Months,"₹ 25,000 /month"
PM Internship - Occupational Therapist,Fortis Healthcare,Delhi,15-Nov-2024,12 Months,"₹ 25,000 /month"
PM Internship - Supply Chain Analyst,Amazon India,Bangalore,01-Dec-2024,12 Months,"₹ 25,000 /month"
PM Internship - Logistics Coordinator,Flipkart,Bangalore,15-Nov-2024,12 Months,"₹ 25,000 /month"
PM Internship - Operations Manager,Swiggy,Bangalore,01-Dec-2024,12 Months,"₹ 25,000 /month"
PM Internship - Process Improvement,Lean Six Sigma India,Mumbai,15-Nov-2024,12 Months,"₹ 25,000 /month"
PM Internship - Quality Assurance,Bajaj Finserv,Pune,01-Dec-2024,12 Months,"₹ 25,000 /month"
PM Internship - Project Coordinator,Tata Projects,Mumbai,15-Nov-2024,12 Months,"₹ 25,000 /month"
PM Internship - Business Operations,Ola Cabs,Bangalore,01-Dec-2024,12 Months,"₹ 25,000 /month"
PM Internship - Vendor Management,Reliance Retail,Mumbai,15-Nov-2024,12 Months,"₹ 25,000 /month"
PM Internship - Inventory Management,BigBasket,Bangalore,01-Dec-2024,12 Months,"₹ 25,000 /month"
PM Internship - Customer Service,HDFC Bank,Mumbai,15-Nov-2024,12 Months,"₹ 25,000 /month"
PM Internship - Warehouse Management,Delhivery,Gurgaon,01-Dec-2024,12 Months,"₹ 25,000 /month"
PM Internship - Transportation Coordinator,Blue Dart,Mumbai,15-Nov-2024,12 Months,"₹ 25,000 /month"
PM Internship - Procurement Specialist,Tata Steel,Mumbai,01-Dec-2024,12 Months,"₹ 25,000 /month"
PM Internship - Demand Planning,P&G India,Mumbai,15-Nov-2024,12 Months,"₹ 25,000 /month"
PM Internship - Distribution Manager,Coca Cola India,Mumbai,01-Dec-2024,12 Months,"₹ 25,000 /month"
PM Internship - Fleet Management,Mahindra Logistics,Mumbai,15-Nov-2024,12 Months,"₹ 25,000 /month"
PM Internship - Import Export Coordinator,DHL India,Mumbai,01-Dec-2024,12 Months,"₹ 25,000 /month"
PM Internship - Cold Chain Specialist,Future Group,Mumbai,15-Nov-2024,12 Months,"₹ 25,000 /month"
PM Internship - Customs Clearance,FedEx India,Delhi,01-Dec-2024,12 Months,"₹ 25,000 /month"
PM Internship - Freight Forwarding,Maersk India,Mumbai,15-Nov-2024,12 Months,"₹ 25,000 /month"